Unnamed: 0,chrom,start,end,OldID,DEL,ID,numExonsFinal,allSkippable,lowestExonRank,lowestExonsInGene,anyConstExon,pLIMax,loeufMin,phyloP,maxStrength,cdsFracStartMin,cdsFracEndMax,cdsFracMax,pLI_max25_ID,loeuf_min25_ID,topUsage,topExp
8,chr1,1028446,1038792,10,False,sv0,1,True,0.057142857142857134,35,0,5.4727e-07,0.435,2.5507375037670137,0.0,0.0754317367220593,0.08325187357445422,0.007820136852394917,-1.0,3.0,0.16333333333333333,4.667
10,chr1,1084112,1084439,12,True,sv1,1,False,0.8888888888888888,9,0,0.00016450000000000001,1.3019999999999998,-0.6880550442294813,0.0,0.7889447236180904,0.8408710217755444,0.051926298157453935,-1.0,3.0,0.4676666666666667,6.017333333333334
15,chr1,1236159,1244349,17,False,sv2,6,False,0.2857142857142857,7,0,6.206299999999999e-08,1.64,2.735615003108978,0.0,0.3234323432343234,1.0,0.6765676567656765,6.206299999999999e-08,1.64,0.41820000000000007,1.7287333333333337
17,chr1,1314419,1330342,19,False,sv3,10,False,0.0,2,0,0.02254,0.99,8.36886749625206,0.0,0.0,1.0,1.0,0.02254,0.99,0.3628051948051947,35.522402597402596
19,chr1,1369572,1388148,21,False,sv4,6,False,0.0,2,0,0.16094,0.47,5.714692511558533,0.0,0.0,1.0,1.0,0.16094,0.47,0.5637575757575758,71.9588484848485
20,chr1,1453573,1475416,22,True,sv5,10,False,0.0,11,0,7.2718e-09,1.1740000000000002,7.931192516088486,0.0,0.0,1.0,0.8203883495145631,7.2718e-09,1.1740000000000002,0.5252142857142859,2.143928571428572
21,chr1,1457002,1488053,23,True,sv6,17,False,0.0,11,0,7.2718e-09,1.1740000000000002,8.12519250035286,0.0,0.0,1.0,0.650231124807396,7.2718e-09,1.1740000000000002,0.5097692307692308,8.40796153846154
22,chr1,1464845,1473727,25,True,sv7,2,False,0.0,11,0,7.2718e-09,1.1740000000000002,3.3393774902820588,0.0,0.0,1.0,0.11893203883495146,1.0032e-22,1.4769999999999999,0.458,3.2412500000000004
23,chr1,1482488,1482548,26,True,sv8,1,False,0.4,15,0,1.0032e-22,1.4769999999999999,0.20921667038540667,0.0,0.3492552645095018,0.35079609655880845,0.0015408320493066256,-1.0,3.0,0.6890000000000001,15.892000000000001
24,chr1,1489544,1526810,27,True,sv9,16,False,0.0,15,0,4.0861e-09,0.8270000000000001,8.391092536449433,0.0,0.0,1.0,0.7774278215223097,4.0861e-09,0.8270000000000001,0.6052222222222224,11.053592592592588
25,chr1,1502788,1514123,28,True,sv10,1,False,0.0,15,0,4.0861e-09,0.8270000000000001,3.9560325115919115,0.0,0.0,0.10761154855643044,0.10761154855643044,4.0861e-09,0.8270000000000001,0.455,7.701333333333333
30,chr1,1647187,1714507,33,True,sv11,30,False,0.0,9,0,0.0026282,0.6779999999999999,8.640319937467575,0.0,0.0,1.0,1.0,0.0026282,0.6779999999999999,0.5852526315789474,16.890810526315786
31,chr1,1670280,1751138,35,True,sv12,32,False,0.0,5,0,0.0026282,0.67,8.718732460737229,0.0,0.0,1.0,1.0,0.0026282,0.684,0.5176031746031745,13.591539682539679
32,chr1,1695226,1749609,37,True,sv13,26,False,0.0,5,0,0.00064056,0.67,8.292762489318848,0.0,0.0,1.0,1.0,0.00054349,0.684,0.4951929824561403,13.48528070175439
39,chr1,2372389,2388889,46,True,sv14,6,False,0.15384615384615385,13,0,1.6137e-11,1.1159999999999999,3.1390974885225296,1.522983,0.09906291834002677,0.49866131191432395,0.39959839357429716,1.6137e-11,1.1159999999999999,0.43750000000000006,1.9576249999999993
43,chr1,2476273,2476414,50,True,sv15,1,False,0.0,21,0,9.8345e-16,0.807,-0.6266737574800612,1.522983,2.0,-1.0,-1.0,-1.0,3.0,0.124,1.923
44,chr1,2593107,2596288,51,True,sv16,5,False,0.6086956521739131,23,0,1.2441e-22,0.997,4.9693374872207645,1.522983,0.5987179487179487,0.7978632478632479,0.19914529914529913,-1.0,3.0,0.15314285714285716,0.8877142857142858
47,chr1,2767758,2802942,54,False,sv17,4,False,0.0,6,1,5.8168e-05,1.439,6.481915010213852,0.0,0.0,0.4038800705467372,0.4038800705467372,5.8168e-05,1.851,0.07344444444444446,0.09955555555555554
55,chr1,3004067,3089193,63,False,sv18,2,False,0.0,0,1,0.99999,0.187,7.692002522945404,1.203117,0.0,1.0,1.0,0.99999,0.187,0.3836250000000001,6.339812500000001
56,chr1,3021268,3062918,64,False,sv19,1,True,0.0,0,1,0.0004766,1.3769999999999998,6.738910011053085,1.203117,0.0,1.0,1.0,0.0004766,1.3769999999999998,0.3928947368421052,6.929947368421053
57,chr1,3092883,3220584,65,False,sv20,1,False,0.0625,16,0,0.99999,0.187,7.806052486896515,0.0,0.009658052727747325,0.10101801096319499,0.09135995823544767,-1.0,3.0,0.711,0.6895
60,chr1,3228160,3293218,68,False,sv21,1,True,0.125,16,0,0.99999,0.187,7.537437483072281,0.0,0.10101801096319499,0.11433046202036022,0.01331245105716523,-1.0,3.0,0.506,1.5586666666666666
65,chr1,3592400,3598695,73,True,sv22,1,False,0.05555555555555555,36,0,3.7964999999999997e-34,0.9079999999999999,1.8350550012290479,0.0,0.057501080847384346,0.08127972330306961,0.023778642455685256,-1.0,3.0,0.358,8.242
66,chr1,3611044,3637348,74,False,sv23,14,False,0.0,4,1,1.4988e-06,0.797,8.243449934720992,0.0,0.0,1.0,1.0,1.4988e-06,0.797,0.6109999999999998,12.63314705882353
67,chr1,3611161,3686920,75,False,sv24,21,False,0.0,4,1,0.99696,0.256,8.653807450532913,0.0,0.0,1.0,1.0,0.99696,0.256,0.6105849056603773,10.014207547169812
69,chr1,3753926,3755112,77,True,sv25,1,False,0.09090909090909093,11,0,2.8656999999999997e-28,1.433,0.7853625000454485,1.396762,0.1613394216133942,0.22425164890918314,0.06291222729578894,-1.0,3.0,1.0,0.855
70,chr1,3756213,3768898,78,False,sv26,7,False,0.2727272727272727,11,0,2.8656999999999997e-28,1.433,2.6568700006604193,1.396762,0.28056823947234905,0.8843226788432268,0.6037544393708777,2.8656999999999997e-28,1.433,0.8888888888888888,0.7600000000000002
71,chr1,3817921,3928224,80,False,sv27,31,False,0.0,3,0,0.00010680000000000001,0.743,8.550070079565048,1.396762,0.0,1.0,1.0,0.00010680000000000001,0.743,0.4669480519480517,4.370857142857143
118,chr1,5971368,5981239,130,True,sv28,1,True,0.06896551724137931,29,0,1.743e-29,0.983,2.155747493803501,0.0,0.03153468815697267,0.06517168885774352,0.03363700070077085,-1.0,3.0,0.415,3.127
124,chr1,6378100,6385837,136,True,sv29,1,False,0.0,8,0,0.75926,0.434,1.084170002192259,0.0,0.0,0.15135608048993876,0.15135608048993876,0.75926,0.434,0.048,1.155
148,chr1,7915221,7918142,161,True,sv30,1,False,1.0,8,0,0.62075,0.606,0.9488149984180927,1.335144,2.0,-1.0,-1.0,-1.0,3.0,0.6506614285714285,5.4235
165,chr1,8864007,8865335,178,True,sv31,2,False,0.6363636363636364,11,0,1.914e-05,0.8640000000000001,2.2929549872502686,1.356934,0.6237547892720307,0.7279693486590039,0.10421455938697317,-1.0,3.0,0.968,435.037
169,chr1,8946310,8952931,182,True,sv32,1,True,0.14285714285714285,7,0,0.0019883,0.83,2.1608699940145017,1.356934,0.08522114347357065,0.27939590075512405,0.1941747572815534,-1.0,3.0,0.42133333333333334,0.40066666666666656
170,chr1,9045371,9049438,183,False,sv33,1,False,0.2727272727272727,11,0,3.5691e-10,1.1909999999999998,2.061012497097254,0.0,0.1945551128818061,0.2775564409030544,0.08300132802124834,-1.0,3.0,0.6920000000000001,9.434
172,chr1,9110101,9121072,185,True,sv34,1,False,0.3333333333333333,3,0,0.00097453,1.186,3.4922899821400644,0.0,0.37996031746031744,0.5922619047619048,0.2123015873015873,-1.0,3.0,0.6293333333333334,2.998666666666667
176,chr1,9260085,9343720,189,False,sv35,3,False,0.0,2,0,0.51982,0.594,7.860224955081939,0.0,0.3135521885521885,1.0,0.6864478114478114,8.5874e-09,0.941,0.815888888888889,14.770555555555555
188,chr1,9583991,9584107,202,True,sv36,1,False,1.0,6,1,0.0059223,0.825,-0.1769741384858458,1.351148,2.0,-1.0,-1.0,-1.0,3.0,1.0,4.115
191,chr1,9670031,9692162,205,False,sv37,1,True,0.043478260869565216,23,0,0.99999,0.196,2.2884100016951563,1.351148,2.0,-1.0,-1.0,-1.0,3.0,0.6378333333333334,2.0659999999999994
197,chr1,9992655,10003176,211,True,sv38,1,False,0.0,3,0,0.54133,0.732,1.3089175052940845,0.0,0.0,0.18024691358024691,0.18024691358024691,0.54133,0.732,0.506,21.5695
198,chr1,10007132,10008617,212,True,sv39,2,False,0.3333333333333333,3,0,0.54133,0.732,2.702687499523163,0.0,0.18024691358024691,0.8740740740740741,0.6938271604938272,0.54133,0.732,1.0,42.802
199,chr1,10007990,10012138,213,True,sv40,1,True,0.6666666666666666,3,0,0.54133,0.732,1.7165675000846385,0.0,0.6222222222222222,0.8740740740740741,0.2518518518518518,0.54133,0.732,1.0,42.802
216,chr1,11037585,11046365,231,True,sv41,4,False,0.3,10,0,3.0427999999999997e-14,1.146,4.382339997291565,1.578408,0.19990295972828723,0.4890829694323144,0.2891800097040272,3.0427999999999997e-14,1.146,0.49,3.21075
233,chr1,12642968,12652029,248,True,sv42,2,False,0.0,3,1,0.0001543,1.679,1.8903925055265427,0.0,0.0,0.3145424836601307,0.3145424836601307,0.0001543,1.679,1.0,0.156
235,chr1,12745329,12747069,250,True,sv43,1,False,0.0,3,0,0.0030123000000000003,1.5530000000000002,1.3972700019180775,0.0,0.0,0.18974358974358974,0.18974358974358974,0.0030123000000000003,1.683,0.45366666666666666,1.0133333333333334
236,chr1,12763425,12763475,251,True,sv44,1,False,1.0,3,0,0.0030123000000000003,1.5530000000000002,-0.20493999724974857,1.4477925,2.0,-1.0,-1.0,-1.0,3.0,0.6506614285714285,5.4235
238,chr1,12794746,12859339,253,True,sv45,9,False,0.0,1,1,0.37278,1.306,4.02199001967907,1.4477925,0.0,1.0,1.0,0.37278,1.306,0.8968947368421053,0.06115789473684208
239,chr1,12818031,12873451,255,True,sv46,10,False,0.0,1,1,0.37278,1.306,4.009212520122528,1.4477925,0.0,1.0,1.0,0.37278,1.306,0.9467222222222222,0.06227777777777775
240,chr1,12833682,12888946,256,True,sv47,10,False,0.0,1,1,0.37278,1.768,4.001922518610955,1.4477925,0.0,1.0,1.0,0.37278,1.768,1.0,0.013571428571428571
241,chr1,12836585,12869005,257,True,sv48,6,False,0.0,1,1,0.37278,1.768,3.927490020990372,1.4477925,0.0,1.0,1.0,0.37278,1.768,1.0,0.016999999999999998
242,chr1,13111300,13120001,260,True,sv49,2,True,0.0,1,1,0.00064056,0.67,3.911619995236397,0.0,0.0,1.0,1.0,0.00054349,0.684,0.271,0.009750000000000002
243,chr1,13459452,13496736,263,True,sv50,1,False,1.0,1,1,0.14423,1.0759999999999998,4.2350599867105485,0.0,0.7129943502824859,1.0,0.28700564971751413,0.14423,1.0759999999999998,1.0,1.464
285,chr1,15398189,15427810,308,False,sv51,3,False,0.0,3,1,0.0090981,1.275,5.931742485165596,0.0,0.0,0.8174273858921162,0.8174273858921162,0.0090981,1.275,0.7845555555555556,20.75277777777778
287,chr1,15468398,15487980,310,True,sv52,8,False,0.0,7,0,2.5651e-06,1.112,5.158745008707046,0.0,0.0,1.0,0.9777777777777777,2.5651e-06,1.112,0.7290769230769232,81.224
292,chr1,15687342,15754481,315,False,sv53,30,False,0.0,4,0,1.7077e-05,0.541,9.2779900598526,0.0,0.0,1.0,1.0,1.7077e-05,0.541,0.8600222222222222,18.48413333333334
293,chr1,15711480,15745355,316,False,sv54,28,False,0.0,4,0,1.7077e-05,0.541,9.2779900598526,0.0,0.0,1.0,1.0,1.7077e-05,0.541,0.8668809523809522,19.721761904761916
298,chr1,16032246,16046354,322,True,sv55,7,False,0.0,19,0,4.2296e-17,1.1159999999999999,4.339747502207756,1.213971,0.0,1.0,0.12839147286821706,1.4025e-22,1.239,0.6964000000000001,3.0844666666666654
300,chr1,16190472,16198673,325,True,sv56,1,False,1.0,15,0,3.9492e-20,1.151,1.997027497291565,0.0,0.9638854296388543,1.0,0.0361145703611457,-1.0,3.0,0.8,3.1012499999999994
301,chr1,16215525,16244538,326,True,sv57,5,False,0.0,4,1,8.8551e-06,1.626,6.462365020513534,0.0,0.0,1.0,1.0,8.8551e-06,1.626,0.4647741935483872,1.4425483870967748
302,chr1,16242392,16265704,327,False,sv58,6,False,0.4444444444444444,9,0,0.99503,0.27399999999999997,8.586735020875931,0.0,0.2330547818012999,1.0,0.7669452181987001,0.99503,0.27399999999999997,0.5921,8.546800000000001
304,chr1,16389004,16407230,330,False,sv59,9,False,0.3333333333333333,3,0,0.59651,0.672,6.037402486801147,0.0,0.1111111111111111,1.0,0.8888888888888888,0.59651,0.672,0.7665925925925925,24.164555555555555
311,chr1,17077448,17111045,341,False,sv60,10,False,0.06666666666666668,15,0,4.9471e-11,0.8909999999999999,7.084429956674576,0.0,0.04604604604604605,0.6556556556556556,0.6096096096096096,4.9471e-11,0.8909999999999999,0.6894615384615383,8.927846153846152
312,chr1,17086654,17086737,342,True,sv61,1,False,0.4,15,0,4.9471e-11,0.8909999999999999,1.4803734923073326,0.0,0.3278278278278278,0.35035035035035034,0.02252252252252252,-1.0,3.0,0.8540000000000001,11.344000000000001
315,chr1,17267734,17296724,345,False,sv62,11,False,0.3333333333333333,15,1,2.3615e-10,0.943,7.95669250369072,0.0,0.2636591478696742,1.0,0.7363408521303259,2.3615e-10,0.943,0.9166666666666666,2.1184166666666666
317,chr1,17337476,17375143,347,False,sv63,14,False,0.0,15,1,0.00064056,0.67,7.355302512645721,1.29944,0.0,1.0,0.7951807228915663,0.00054349,0.684,0.5930833333333336,2.3997500000000005
325,chr1,17686591,17692616,356,True,sv64,1,False,0.9285714285714286,28,0,0.00047308,0.442,4.05187500834465,0.0,0.78359375,0.8291666666666667,0.045572916666666664,-1.0,3.0,0.20733333333333334,6.965
332,chr1,18298940,18336178,363,True,sv65,1,False,0.3333333333333333,9,0,0.20912,0.525,4.468952483534813,0.0,0.21723646723646722,0.301994301994302,0.08475783475783476,-1.0,3.0,0.738,3.299
334,chr1,19272870,19287742,365,True,sv66,7,False,0.0,6,1,0.00022370000000000002,1.5859999999999999,6.266502497196197,1.446169,0.0,1.0,0.785140562248996,0.00022370000000000002,1.5859999999999999,0.8447777777777777,11.531444444444446
335,chr1,19285930,19287667,366,True,sv67,2,False,0.16666666666666666,6,1,1.0208999999999999e-19,1.9280000000000002,2.9249324962496757,1.446169,0.21485943775100402,0.46586345381526106,0.25100401606425704,1.0208999999999999e-19,1.9280000000000002,1.0,16.186
342,chr1,19628383,19628449,374,True,sv68,1,False,1.0,3,0,0.78732,0.584,-0.06103030253540386,0.0,2.0,-1.0,-1.0,-1.0,3.0,0.046,5.414
351,chr1,20148934,20150440,383,True,sv69,1,False,1.0,4,0,2.7094e-06,1.817,0.727439999319613,0.0,2.0,-1.0,-1.0,-1.0,3.0,0.6990000000000001,1.232
354,chr1,20172265,20174165,386,True,sv70,1,False,0.5,2,0,0.02538,1.3719999999999999,1.1054875035583973,0.0,0.41501103752759383,0.6313465783664459,0.2163355408388521,-1.0,3.0,0.417,0.08099999999999999
362,chr1,20665593,20677570,394,True,sv71,3,False,0.7857142857142857,14,0,3.7556e-18,1.053,4.321399995982647,1.3825145,0.7970873786407767,0.9420711974110032,0.14498381877022654,-1.0,3.0,0.7134285714285715,4.777571428571429
363,chr1,20677367,20683265,395,True,sv72,1,False,0.7142857142857143,14,0,3.7556e-18,1.053,2.9283900049328806,1.3825145,0.7220064724919094,0.7970873786407767,0.07508090614886731,-1.0,3.0,0.9420000000000001,6.274
371,chr1,21237786,21238153,404,True,sv73,1,True,0.5555555555555556,18,0,0.95987,0.321,-0.22123705500569346,1.3873275,0.591872027669693,0.6005188067444877,0.00864677907479464,-1.0,3.0,0.902,49.6395
372,chr1,21375851,21487594,405,True,sv74,15,False,0.0,14,0,8.0766e-19,1.151,5.778707519769669,0.0,0.0,1.0,1.0,8.0766e-19,1.151,0.5960987654320986,1.4375679012345666
376,chr1,21567908,21569871,409,True,sv75,1,True,0.5454545454545454,11,0,0.0003636,0.693,2.449025005400181,0.0,0.4114285714285714,0.5028571428571429,0.09142857142857143,-1.0,3.0,0.816,19.724
381,chr1,21975980,22000613,414,True,sv76,8,False,0.0,7,0,2.4372e-12,1.6269999999999998,6.324235002994538,0.0,0.0,1.0,1.0,2.4372e-12,1.6269999999999998,0.6722222222222222,321.52783333333326
382,chr1,21981157,22005948,416,True,sv77,9,False,0.0,7,0,8.051399999999999e-09,1.301,6.130070011615754,0.0,0.0,1.0,0.5744157441574416,8.051399999999999e-09,1.301,0.6973157894736841,521.7150526315792
394,chr1,23107552,23110949,429,True,sv78,1,True,0.5,4,0,0.52955,0.402,1.4473674976825714,0.0,2.0,-1.0,-1.0,-1.0,3.0,0.4855,3.2757500000000004
400,chr1,23441156,23443261,435,True,sv79,5,False,0.20833333333333331,24,0,8.33e-12,0.711,4.752582506239414,0.0,0.17441002949852508,0.3278023598820059,0.15339233038348082,-1.0,3.0,0.31275000000000003,8.49875
430,chr1,25346416,25352168,466,False,sv80,1,False,0.5,6,0,0.16293,0.742,2.3868600031733513,0.0,0.4345991561181435,0.5780590717299579,0.14345991561181434,-1.0,3.0,0.9995,60.3425
431,chr1,25355243,25367638,467,False,sv81,3,False,0.8333333333333334,6,0,0.16293,0.742,3.4624799993634223,0.0,0.7742616033755274,1.0,0.22573839662447256,-1.0,3.0,0.6774545454545455,19.03809090909091
450,chr1,27003497,27030491,489,False,sv82,2,False,0.0,1,1,0.18261,0.7170000000000001,8.301795004606246,0.0,0.0,1.0,1.0,0.18261,0.7170000000000001,1.0,17.72
465,chr1,27959203,27961869,507,True,sv83,1,False,0.0,2,0,4.0749e-08,1.4709999999999999,2.028794997781515,0.0,0.0,0.24663299663299662,0.24663299663299662,4.0749e-08,1.4709999999999999,0.9870000000000001,2.6995
468,chr1,28145578,28149343,510,True,sv84,1,True,1.0,2,0,0.24232,0.848,1.2631924991309642,0.0,2.0,-1.0,-1.0,-1.0,3.0,0.961,3.2119999999999997
475,chr1,28485116,28499653,517,False,sv85,5,False,0.6666666666666666,12,0,2.8359e-06,0.6890000000000001,5.889625051617623,0.0,0.8368396446937821,1.0,0.16316035530621786,-1.0,3.0,0.7351249999999999,6.56375
476,chr1,28507394,28508667,518,True,sv86,1,True,0.08333333333333333,12,0,0.99295,0.247,1.130345001220703,0.0,2.0,-1.0,-1.0,-1.0,3.0,0.45849999999999996,7.299
477,chr1,28508653,28514940,519,False,sv87,1,True,0.16666666666666666,12,0,0.99295,0.247,1.4276675045490266,0.0,2.0,-1.0,-1.0,-1.0,3.0,0.5005000000000001,7.927
483,chr1,28808979,28813822,525,True,sv88,1,False,0.0,2,0,0.0033233000000000004,1.193,2.3539274978637694,0.0,0.0,0.20285969615728328,0.20285969615728328,0.0033233000000000004,1.193,0.929,0.016
487,chr1,29138513,29154021,529,False,sv89,2,False,0.8,5,0,0.86723,0.37799999999999995,5.582184994220734,0.0,0.38922558922558925,1.0,0.6107744107744107,0.86723,0.37799999999999995,0.8193333333333334,29.54399999999999
523,chr1,30967493,30971245,567,True,sv90,1,False,0.4761904761904762,21,0,1.0,0.129,3.3609999820590017,1.416935,0.42291491154170174,0.4619488907610222,0.03903397921932041,-1.0,3.0,0.306,7.197333333333333
552,chr1,32619376,32622884,597,True,sv91,1,False,1.0,6,0,0.7054199999999999,0.495,1.9819175012409687,0.0,0.8388888888888889,1.0,0.16111111111111112,-1.0,3.0,0.49257142857142855,14.272857142857145
556,chr1,32808106,32811771,601,True,sv92,2,False,0.08333333333333333,12,0,0.0010047,0.624,5.046792508065701,1.3435780000000002,0.035916824196597356,0.23944549464398235,0.203528670447385,-1.0,3.0,0.44025000000000003,16.5765
562,chr1,33319515,33322656,608,True,sv93,1,False,0.0,4,1,1.2823e-10,1.764,1.0964699974656105,0.0,0.0,0.022482893450635387,0.022482893450635387,1.2823e-10,1.764,0.599,0.037000000000000005
564,chr1,33404909,33620947,610,False,sv94,41,False,0.0,7,0,0.2295,0.511,9.720065019130708,1.2034405000000001,0.0,1.0,1.0,0.2295,0.511,0.4858709677419347,0.30383870967741944
566,chr1,33409798,33499659,612,False,sv95,8,False,0.0,7,0,0.00048141,0.511,6.316812500953675,0.0,0.0,1.0,1.0,0.00048141,0.511,0.6160588235294115,0.619470588235294
584,chr1,34849933,34857047,631,True,sv96,1,True,1.0,1,0,0.56679,1.131,4.361847500503063,0.0,0.0,1.0,1.0,0.56679,1.131,0.697,14.326777777777778
590,chr1,35627175,35641806,637,True,sv97,3,False,0.0,5,0,0.91397,0.386,5.779452496170998,0.0,0.0,0.47029702970297027,0.47029702970297027,0.91397,0.386,1.0,26.149999999999995
594,chr1,36083053,36086756,641,True,sv98,5,False,0.0,9,0,7.4313e-12,1.255,5.24622500449419,1.297391,0.0,0.4176334106728538,0.4176334106728538,7.4313e-12,1.255,0.6501428571428571,3.181142857142857
598,chr1,36315179,36319689,645,True,sv99,4,False,0.6666666666666666,15,0,8.7925e-12,0.925,1.567962495982647,0.0,0.3386173491853809,0.45134302069572874,0.11272567151034786,-1.0,3.0,0.529,5.8098
616,chr1,37590655,37591681,664,True,sv100,1,False,0.2,15,0,6.52e-05,0.551,2.6944524842500686,0.0,0.1111111111111111,0.17486338797814208,0.06375227686703097,-1.0,3.0,0.6114999999999999,19.128
620,chr1,37709878,37717161,668,True,sv101,1,False,1.0,16,0,1.2428e-26,1.286,2.0576775005459784,0.0,2.0,-1.0,-1.0,-1.0,3.0,0.2318181818181818,0.9570000000000001
631,chr1,38880108,38891226,679,True,sv102,2,False,0.8571428571428571,7,0,8.9365e-08,1.369,3.67015497982502,0.0,0.7346491228070176,1.0,0.26535087719298245,8.9365e-08,1.369,0.42133333333333334,1.1596666666666666
635,chr1,39021596,39033061,684,False,sv103,2,False,0.0,2,1,0.026413,1.3530000000000002,3.2488174822926523,1.277315,0.0,0.6728971962616822,0.6728971962616822,0.026413,1.3530000000000002,0.7926666666666667,228.79233333333335
644,chr1,39811141,39845795,695,True,sv104,3,False,0.8,10,0,4.0895000000000005e-11,1.1440000000000001,4.707872484326362,0.0,0.7165242165242165,1.0,0.28347578347578345,4.0895000000000005e-11,1.1440000000000001,0.79625,12.592374999999999
653,chr1,40511009,40517480,705,True,sv105,1,True,1.0,1,0,2.2661e-05,1.433,4.062177548408508,1.2821115,0.0,1.0,1.0,2.2661e-05,1.433,0.8748333333333335,2.2055833333333337
675,chr1,42545707,42568957,728,False,sv106,2,False,0.26666666666666666,15,0,1.4579e-17,0.9279999999999999,2.8457174983620646,0.0,0.18069727891156462,0.3635204081632653,0.1828231292517007,-1.0,3.0,0.282,0.9186666666666667
684,chr1,43176059,43185698,737,True,sv107,3,False,0.08695652173913042,23,0,0.00064056,0.67,5.824179983139038,1.244996,0.040758047767393564,0.2515576323987539,0.21079958463136034,-1.0,3.0,0.52825,0.73125
686,chr1,43335247,43338021,739,True,sv108,1,False,0.0,11,0,4.0719e-09,0.763,2.191667496263981,0.0,0.0,0.04140461215932914,0.04140461215932914,4.0719e-09,0.763,0.8875,0.11049999999999999
702,chr1,44683066,44721951,758,True,sv109,6,False,0.08333333333333333,12,0,1.6479e-05,0.88,5.7597775137424465,1.581755,0.0,0.54724111866969,0.54724111866969,1.6479e-05,0.88,0.23733333333333326,1.9720000000000002
703,chr1,44694446,44703809,759,True,sv110,3,False,0.25,12,0,1.6479e-05,0.88,4.462467501759529,1.581755,0.15570672713529857,0.48299319727891155,0.327286470143613,1.6479e-05,0.88,0.25557142857142856,2.5782857142857147
717,chr1,45499365,45499430,773,True,sv111,1,True,0.2,5,0,0.00064056,0.67,0.7446923118066759,0.0,0.2549019607843137,0.4369747899159664,0.18207282913165265,-1.0,3.0,0.778,2.25
719,chr1,45560799,45562574,776,True,sv112,1,False,0.2222222222222222,9,0,6.662100000000001e-07,1.121,1.8861450009047984,1.3029415000000002,0.0,0.08588957055214724,0.08588957055214724,6.662100000000001e-07,1.121,0.785,75.557
720,chr1,45616829,45630555,777,False,sv113,18,False,0.0,12,0,0.99696,0.243,6.821174998283386,1.3029415000000002,0.0,1.0,1.0,3.9155e-22,1.405,0.65118,11.785019999999989
722,chr1,45628075,45628128,779,True,sv114,1,False,1.0,12,0,0.19902,0.488,3.4627546974686236,1.3029415000000002,2.0,-1.0,-1.0,-1.0,3.0,0.8029999999999999,38.945
724,chr1,45718616,45877574,781,False,sv115,9,False,0.0,8,0,2.0966e-05,0.687,8.365027536153793,0.0,0.0,0.6757834757834758,0.6757834757834758,2.0966e-05,0.687,0.5975384615384614,7.276538461538466
725,chr1,45740655,45760546,782,False,sv116,3,False,0.0,8,0,2.0966e-05,0.687,6.85008501291275,0.0,0.0,0.41253561253561255,0.41253561253561255,2.0966e-05,0.687,0.55,3.031
728,chr1,45905862,45975440,787,False,sv117,1,False,0.14285714285714285,28,0,1.7079e-19,0.7070000000000001,4.398887499570846,0.0,0.09264406151565685,0.1096905688345377,0.017046507318880858,-1.0,3.0,0.22,6.91775
730,chr1,45992755,46084727,789,False,sv118,33,False,0.1111111111111111,9,0,3.3583e-10,0.7070000000000001,9.981247713565827,0.0,0.07647907647907648,1.0,0.9235209235209235,3.3583e-10,0.7070000000000001,0.7687719298245608,17.72845614035089
732,chr1,46030708,46154212,791,False,sv119,18,False,0.0,9,0,3.3583e-10,0.7070000000000001,9.612967534065247,0.0,0.0,1.0,1.0,3.3583e-10,0.7070000000000001,0.7610222222222227,12.575577777777779
733,chr1,46036519,46154035,792,False,sv120,10,False,0.0,9,0,3.3583e-10,1.004,8.838825051784516,0.0,0.0,1.0,1.0,3.3583e-10,1.004,0.7538333333333334,6.964099999999998
734,chr1,46264166,46298411,793,False,sv121,19,False,0.1111111111111111,9,0,0.99986,0.185,9.03501997590065,1.468022,0.08159081590815909,1.0,0.9184091840918409,0.99986,0.185,0.6493823529411763,12.108441176470585
735,chr1,46272731,46296325,794,False,sv122,14,False,0.3333333333333333,9,0,0.99986,0.185,8.611427502632141,1.468022,0.14637146371463713,1.0,0.8536285362853628,0.99986,0.185,0.7135217391304347,14.164
740,chr1,46798765,46837514,799,False,sv123,12,False,0.0,11,0,4.1140000000000006e-11,1.1440000000000001,7.47306501865387,0.0,0.0,1.0,1.0,4.1140000000000006e-11,1.1440000000000001,0.6423870967741935,24.537387096774193
744,chr1,46897535,46950292,803,False,sv124,12,False,0.0,11,0,1.0869999999999999e-24,1.643,6.609452502727509,0.0,0.0,1.0,1.0,1.0869999999999999e-24,1.643,0.637,8.271485714285717
745,chr1,46927026,46932448,804,True,sv125,1,False,1.0,11,0,1.0869999999999999e-24,1.643,2.180317499935627,0.0,0.8743589743589744,1.0,0.12564102564102564,-1.0,3.0,0.5027499999999999,8.439250000000001
746,chr1,46937337,46964259,805,False,sv126,3,False,0.0,11,0,1.0869999999999999e-24,1.643,3.71304750084877,0.0,0.0,0.22179487179487178,0.22179487179487178,1.0869999999999999e-24,1.643,0.6695,8.338874999999998
750,chr1,47009618,47041416,809,True,sv127,8,False,0.0,11,0,4.7167e-12,1.107,5.259392488598824,0.0,0.0,0.7013071895424836,0.7013071895424836,4.7167e-12,1.107,0.8530000000000001,5.8058
751,chr1,47041399,47059569,810,False,sv128,4,False,0.7272727272727273,11,0,4.7167e-12,1.107,3.989564986526966,0.0,0.7013071895424836,1.0,0.29869281045751633,4.7167e-12,1.107,0.927,6.275
752,chr1,47080141,47121317,811,False,sv129,10,False,0.18181818181818185,11,0,1.8745e-17,1.464,5.244769997000694,0.0,0.21014492753623187,1.0,0.7898550724637681,1.8745e-17,1.464,0.7938461538461538,0.8140769230769231
755,chr1,47248325,47258549,814,False,sv130,1,False,1.0,17,0,0.5988100000000001,0.35600000000000004,4.571202501058578,0.0,0.7963250517598344,1.0,0.20367494824016563,-1.0,3.0,0.709,0.8373333333333332
760,chr1,47673374,47764003,819,False,sv131,1,False,1.0,6,0,0.84273,0.424,5.6434299957752225,1.1016575000000002,2.0,-1.0,-1.0,-1.0,3.0,0.9634999999999999,0.7370000000000001
767,chr1,48282463,48313854,826,True,sv132,2,False,0.9166666666666666,12,0,3.4185e-21,1.47,3.1235825020074843,0.0,0.8139059304703476,1.0,0.18609406952965235,-1.0,3.0,0.7862857142857143,7.288857142857141
770,chr1,48459872,48603418,829,True,sv133,6,False,0.0,12,0,2.4767e-06,0.7609999999999999,6.928089926242828,0.0,0.0,1.0,0.37103174603174605,2.4767e-06,0.7609999999999999,0.6630714285714285,2.880857142857144
777,chr1,49001427,49104950,837,True,sv134,1,False,0.3076923076923077,13,0,2.4767e-06,0.7609999999999999,5.93540003657341,0.0,0.24933862433862433,0.39285714285714285,0.14351851851851852,-1.0,3.0,0.7576666666666667,0.2326666666666667
806,chr1,51136614,51146884,866,True,sv135,1,False,0.75,4,0,5.004399999999999e-07,1.815,1.859857505261898,0.0,0.43,0.49166666666666664,0.06166666666666667,-1.0,3.0,0.742,1.023
819,chr1,51866466,51896295,879,False,sv136,1,False,0.0,32,0,0.044066,0.373,3.1453874856233597,1.0979695,0.0,0.09316939890710382,0.09316939890710382,0.044066,0.373,0.24516666666666664,21.1585
846,chr1,54020279,54030392,908,True,sv137,1,False,1.0,7,0,2.4058e-12,1.465,1.8019924968481065,0.0,2.0,-1.0,-1.0,-1.0,3.0,1.0,4.061
850,chr1,54152949,54156148,912,True,sv138,1,False,0.0,3,0,9.4718e-11,1.794,1.760987513512373,0.0,2.0,-1.0,-1.0,-1.0,3.0,0.6356666666666667,0.062
857,chr1,54548331,54549803,919,True,sv139,1,False,0.0,16,0,1.0844e-16,1.082,1.035732499435544,0.0,0.011513157894736841,0.018092105263157895,0.006578947368421052,-1.0,3.0,0.404,2.4724999999999997
860,chr1,54564795,54587087,922,False,sv140,2,False,0.0625,16,0,1.0844e-16,1.082,4.316107508540154,0.0,0.018092105263157895,0.17050438596491227,0.1524122807017544,-1.0,3.0,0.847,5.0885
861,chr1,54581572,54585007,923,True,sv141,1,False,0.0625,16,0,1.0844e-16,1.082,2.947220008671284,0.0,0.018092105263157895,0.13212719298245615,0.11403508771929824,-1.0,3.0,0.9209999999999999,5.433
862,chr1,54590783,54598454,924,False,sv142,4,False,0.1875,16,0,1.0844e-16,1.082,5.524022505879402,0.0,0.17050438596491227,0.41885964912280704,0.24835526315789475,-1.0,3.0,0.7864999999999999,4.637166666666666
863,chr1,54604851,54608100,925,True,sv143,3,False,0.75,16,0,1.0844e-16,1.082,4.259070000052452,0.0,0.6776315789473685,0.8930921052631579,0.21546052631578946,-1.0,3.0,0.8859999999999998,5.233
864,chr1,54611414,54617267,926,True,sv144,4,False,0.2857142857142857,7,1,6.545300000000001e-17,1.495,4.775924993753433,0.0,0.149032992036405,0.534698521046644,0.3856655290102389,6.545300000000001e-17,1.495,0.9638,3.8074
872,chr1,55029182,55043363,934,True,sv145,1,False,0.0,11,0,2.7059e-17,1.341,1.9733725008368492,0.0,0.0,0.09956709956709957,0.09956709956709957,2.7059e-17,1.341,0.5896666666666667,1.084666666666667
885,chr1,56743073,56744718,948,True,sv146,2,False,0.4736842105263158,19,0,1.3041000000000001e-41,1.699,1.1693574985861779,0.0,0.6342021033379058,0.7055326931870142,0.07133058984910837,-1.0,3.0,0.596,1.496
886,chr1,56880453,56883382,949,True,sv147,1,False,0.4,10,1,6.553600000000002e-16,1.1840000000000002,2.7044549897313117,0.0,0.2643874643874644,0.37264957264957266,0.10826210826210826,-1.0,3.0,1.0,5.772
905,chr1,58538870,58549109,969,False,sv148,2,False,0.0,8,0,1.2240999999999998e-11,1.1320000000000001,2.702987497150898,0.0,0.0,0.2692063492063492,0.2692063492063492,1.2240999999999998e-11,1.1320000000000001,0.4514705882352941,5.308235294117646
915,chr1,59319533,59367279,979,True,sv149,3,False,0.06666666666666668,15,0,8.457299999999998e-19,1.273,5.8061100059747695,0.0,0.0,0.2807971014492754,0.2807971014492754,8.457299999999998e-19,1.273,0.4003333333333334,3.6805000000000003
917,chr1,59423863,59469485,981,True,sv150,1,False,0.3333333333333333,15,0,8.457299999999998e-19,1.273,4.312514996528625,0.0,0.33454106280193235,0.40458937198067635,0.07004830917874397,-1.0,3.0,0.48700000000000004,4.588
918,chr1,59531140,59570862,982,True,sv151,1,False,0.4666666666666667,15,0,8.457299999999998e-19,1.273,4.650375005602837,0.0,0.482487922705314,0.5452898550724637,0.06280193236714976,-1.0,3.0,0.48750000000000004,5.412
922,chr1,59587686,59629806,986,True,sv152,2,False,0.5333333333333333,15,0,8.457299999999998e-19,1.273,4.158899970650673,0.0,0.5452898550724637,0.6479468599033816,0.10265700483091787,-1.0,3.0,0.6110000000000001,6.4201999999999995
925,chr1,59843283,59853601,989,True,sv153,4,False,0.3809523809523809,21,0,3.8686e-08,0.623,6.88694006562233,0.0,0.2839506172839506,0.5679012345679012,0.2839506172839506,3.8686e-08,0.623,0.7120000000000001,6.072
