,chrom,start,end,OldID,DEL
8,chr1,1028446,1038792,10,False
10,chr1,1084112,1084439,12,True
15,chr1,1236159,1244349,17,False
17,chr1,1314419,1330342,19,False
19,chr1,1369572,1388148,21,False
20,chr1,1453573,1475416,22,True
21,chr1,1457002,1488053,23,True
22,chr1,1464845,1473727,25,True
23,chr1,1482488,1482548,26,True
24,chr1,1489544,1526810,27,True
25,chr1,1502788,1514123,28,True
30,chr1,1647187,1714507,33,True
31,chr1,1670280,1751138,35,True
32,chr1,1695226,1749609,37,True
39,chr1,2372389,2388889,46,True
43,chr1,2476273,2476414,50,True
44,chr1,2593107,2596288,51,True
47,chr1,2767758,2802942,54,False
55,chr1,3004067,3089193,63,False
56,chr1,3021268,3062918,64,False
57,chr1,3092883,3220584,65,False
60,chr1,3228160,3293218,68,False
65,chr1,3592400,3598695,73,True
66,chr1,3611044,3637348,74,False
67,chr1,3611161,3686920,75,False
69,chr1,3753926,3755112,77,True
70,chr1,3756213,3768898,78,False
71,chr1,3817921,3928224,80,False
118,chr1,5971368,5981239,130,True
124,chr1,6378100,6385837,136,True
148,chr1,7915221,7918142,161,True
165,chr1,8864007,8865335,178,True
169,chr1,8946310,8952931,182,True
170,chr1,9045371,9049438,183,False
172,chr1,9110101,9121072,185,True
176,chr1,9260085,9343720,189,False
188,chr1,9583991,9584107,202,True
191,chr1,9670031,9692162,205,False
197,chr1,9992655,10003176,211,True
198,chr1,10007132,10008617,212,True
199,chr1,10007990,10012138,213,True
216,chr1,11037585,11046365,231,True
233,chr1,12642968,12652029,248,True
235,chr1,12745329,12747069,250,True
236,chr1,12763425,12763475,251,True
238,chr1,12794746,12859339,253,True
239,chr1,12818031,12873451,255,True
240,chr1,12833682,12888946,256,True
241,chr1,12836585,12869005,257,True
242,chr1,13111300,13120001,260,True
243,chr1,13459452,13496736,263,True
285,chr1,15398189,15427810,308,False
287,chr1,15468398,15487980,310,True
292,chr1,15687342,15754481,315,False
293,chr1,15711480,15745355,316,False
298,chr1,16032246,16046354,322,True
300,chr1,16190472,16198673,325,True
301,chr1,16215525,16244538,326,True
302,chr1,16242392,16265704,327,False
304,chr1,16389004,16407230,330,False
311,chr1,17077448,17111045,341,False
312,chr1,17086654,17086737,342,True
315,chr1,17267734,17296724,345,False
317,chr1,17337476,17375143,347,False
325,chr1,17686591,17692616,356,True
332,chr1,18298940,18336178,363,True
334,chr1,19272870,19287742,365,True
335,chr1,19285930,19287667,366,True
342,chr1,19628383,19628449,374,True
351,chr1,20148934,20150440,383,True
354,chr1,20172265,20174165,386,True
362,chr1,20665593,20677570,394,True
363,chr1,20677367,20683265,395,True
371,chr1,21237786,21238153,404,True
372,chr1,21375851,21487594,405,True
376,chr1,21567908,21569871,409,True
381,chr1,21975980,22000613,414,True
382,chr1,21981157,22005948,416,True
394,chr1,23107552,23110949,429,True
400,chr1,23441156,23443261,435,True
430,chr1,25346416,25352168,466,False
431,chr1,25355243,25367638,467,False
450,chr1,27003497,27030491,489,False
465,chr1,27959203,27961869,507,True
468,chr1,28145578,28149343,510,True
475,chr1,28485116,28499653,517,False
476,chr1,28507394,28508667,518,True
477,chr1,28508653,28514940,519,False
483,chr1,28808979,28813822,525,True
487,chr1,29138513,29154021,529,False
523,chr1,30967493,30971245,567,True
552,chr1,32619376,32622884,597,True
556,chr1,32808106,32811771,601,True
562,chr1,33319515,33322656,608,True
564,chr1,33404909,33620947,610,False
566,chr1,33409798,33499659,612,False
584,chr1,34849933,34857047,631,True
590,chr1,35627175,35641806,637,True
594,chr1,36083053,36086756,641,True
598,chr1,36315179,36319689,645,True
616,chr1,37590655,37591681,664,True
620,chr1,37709878,37717161,668,True
631,chr1,38880108,38891226,679,True
635,chr1,39021596,39033061,684,False
644,chr1,39811141,39845795,695,True
653,chr1,40511009,40517480,705,True
675,chr1,42545707,42568957,728,False
684,chr1,43176059,43185698,737,True
686,chr1,43335247,43338021,739,True
702,chr1,44683066,44721951,758,True
703,chr1,44694446,44703809,759,True
717,chr1,45499365,45499430,773,True
719,chr1,45560799,45562574,776,True
720,chr1,45616829,45630555,777,False
722,chr1,45628075,45628128,779,True
724,chr1,45718616,45877574,781,False
725,chr1,45740655,45760546,782,False
728,chr1,45905862,45975440,787,False
730,chr1,45992755,46084727,789,False
732,chr1,46030708,46154212,791,False
733,chr1,46036519,46154035,792,False
734,chr1,46264166,46298411,793,False
735,chr1,46272731,46296325,794,False
740,chr1,46798765,46837514,799,False
744,chr1,46897535,46950292,803,False
745,chr1,46927026,46932448,804,True
746,chr1,46937337,46964259,805,False
750,chr1,47009618,47041416,809,True
751,chr1,47041399,47059569,810,False
752,chr1,47080141,47121317,811,False
755,chr1,47248325,47258549,814,False
760,chr1,47673374,47764003,819,False
767,chr1,48282463,48313854,826,True
770,chr1,48459872,48603418,829,True
777,chr1,49001427,49104950,837,True
806,chr1,51136614,51146884,866,True
819,chr1,51866466,51896295,879,False
846,chr1,54020279,54030392,908,True
850,chr1,54152949,54156148,912,True
857,chr1,54548331,54549803,919,True
860,chr1,54564795,54587087,922,False
861,chr1,54581572,54585007,923,True
862,chr1,54590783,54598454,924,False
863,chr1,54604851,54608100,925,True
864,chr1,54611414,54617267,926,True
872,chr1,55029182,55043363,934,True
885,chr1,56743073,56744718,948,True
886,chr1,56880453,56883382,949,True
905,chr1,58538870,58549109,969,False
915,chr1,59319533,59367279,979,True
917,chr1,59423863,59469485,981,True
918,chr1,59531140,59570862,982,True
922,chr1,59587686,59629806,986,True
925,chr1,59843283,59853601,989,True
